"","species","median_gene_length","median_long_gene_length","median_exonic_length","median_long_gene_exonic_length","median_intronic_length","median_long_gene_intronic_length","number_of_exons","number_of_long_gene_exons","clade","Taxon.ID","superkingdom","phylum","class","order","family","genus"
"1","Acanthochromis polyacanthus",9000.5,62836,2199,4932,6294,58243,7,16,"Chordata",80966,"Eukaryota","Chordata","Actinopteri",NA,"Pomacentridae","Acanthochromis"
"2","Actinidia chinensis",4442,16905,1735,3175,2269,13440,4,12,"Plantae",1590841,"Eukaryota","Streptophyta","Magnoliopsida","Ericales","Actinidiaceae","Actinidia"
"3","Acyrthosiphon pisum",3954,29094.5,1559,3065.5,1945,25774,3,8,"Metazoa",7029,"Eukaryota","Arthropoda","Insecta","Hemiptera","Aphididae","Acyrthosiphon"
"4","Adineta vaga",1151,4245,921,2916,177,1325,3,14,"Metazoa",104782,"Eukaryota","Rotifera","Bdelloidea","Adinetida","Adinetidae","Adineta"
"5","Aedes aegypti",7031,69148.5,1476,2945.5,5255.5,66409,3,7,"Metazoa",7159,"Eukaryota","Arthropoda","Insecta","Diptera","Culicidae","Aedes"
"6","Aegilops tauschii",2797,19940,1951,4420.5,295,15504,2,8,"Plantae",200361,"Eukaryota","Streptophyta","Magnoliopsida","Poales","Poaceae","Aegilops"
"7","Ailuropoda melanoleuca",12435,149984,1179,2376,10945,146435,7,16,"Chordata",9646,"Eukaryota","Chordata","Mammalia","Carnivora","Ursidae","Ailuropoda"
"8","Albugo laibachii",1077,5460,891,4044,61,907,2,5,"Protista",890382,"Eukaryota",NA,"Oomycota","Albuginales","Albuginaceae","Albugo"
"9","Amborella trichopoda",1210,24519,645,1599,269,22592.5,2,10,"Plantae",13333,"Eukaryota","Streptophyta","Magnoliopsida","Amborellales","Amborellaceae","Amborella"
"10","Amphilophus citrinellus",6526,50899.5,1110,2505,5315,48342.5,7,16,"Chordata",61819,"Eukaryota","Chordata","Actinopteri","Cichliformes","Cichlidae","Amphilophus"
"11","Amphimedon queenslandica",1102,8679,725,2852,208,5753,3,14,"Metazoa",400682,"Eukaryota","Porifera","Demospongiae","Haplosclerida","Niphatidae","Amphimedon"
"12","Amphiprion ocellaris",8936,60765,2107,4454,6486,56219.5,7,17,"Chordata",80972,"Eukaryota","Chordata","Actinopteri",NA,"Pomacentridae","Amphiprion"
"13","Amphiprion percula",9281.5,66943,2181,4022,6640.5,62378,7,16,"Chordata",161767,"Eukaryota","Chordata","Actinopteri",NA,"Pomacentridae","Amphiprion"
"14","Anabas testudineus",6699,48216,2036,4642,4316,43588,7,17,"Chordata",64144,"Eukaryota","Chordata","Actinopteri","Anabantiformes","Anabantidae","Anabas"
"15","Anolis carolinensis",16111,141167.5,1940,3963,13608,136565,7,17,"Chordata",28377,"Eukaryota","Chordata","Lepidosauria","Squamata","Dactyloidae","Anolis"
"16","Anopheles darlingi",1943,14177,1284,2976,330,10510,4,10,"Metazoa",43151,"Eukaryota","Arthropoda","Insecta","Diptera","Culicidae","Anopheles"
"17","Anopheles gambiae",2083,25884.5,1448,2746,323.5,22534,3,8,"Metazoa",7165,"Eukaryota","Arthropoda","Insecta","Diptera","Culicidae","Anopheles"
"18","Anoplophora glabripennis",4156,28736.5,969,1649.5,2667,26267.5,4,7,"Metazoa",217634,"Eukaryota","Arthropoda","Insecta","Coleoptera","Cerambycidae","Anoplophora"
"19","Aotus nancymaae",16315,200310,1554,3748.5,13996.5,195818,7,18,"Chordata",37293,"Eukaryota","Chordata","Mammalia","Primates","Aotidae","Aotus"
"20","Apis mellifera",2649.5,29861.5,1185,2510.5,963,26724.5,4,7,"Metazoa",7460,"Eukaryota","Arthropoda","Insecta","Hymenoptera","Apidae","Apis"
"21","Arabidopsis halleri",1955,5705,1316.5,3000,569,2892,4,13,"Plantae",63677,"Eukaryota","Streptophyta","Magnoliopsida","Brassicales","Brassicaceae","Arabidopsis"
"22","Arabidopsis lyrata",1574,5298,997,2622,474,2688,4,13,"Plantae",81972,"Eukaryota","Streptophyta","Magnoliopsida","Brassicales","Brassicaceae","Arabidopsis"
"23","Arabidopsis thaliana",2070,5271,1546,3466,442,2013,3,14,"Plantae",3702,"Eukaryota","Streptophyta","Magnoliopsida","Brassicales","Brassicaceae","Arabidopsis"
"24","Aspergillus nidulans",1530,3753,1344,3460,138,222,3,4,"Fungi",227321,"Eukaryota","Ascomycota","Eurotiomycetes","Eurotiales","Aspergillaceae","Aspergillus"
"25","Aspergillus niger",1329,3502.5,1083,3150,171,287,3,4,"Fungi",5061,"Eukaryota","Ascomycota","Eurotiomycetes","Eurotiales","Aspergillaceae","Aspergillus"
"26","Astatotilapia calliptera",7783,67624,2108,4410,5146,62995,7,16,"Chordata",8154,"Eukaryota","Chordata","Actinopteri","Cichliformes","Cichlidae","Astatotilapia"
"27","Atta cephalotes",3722,50927,1300,2055,2048,47327,5,9,"Metazoa",12957,"Eukaryota","Arthropoda","Insecta","Hymenoptera","Formicidae","Atta"
"28","Beauveria bassiana",1751,4171,1621,3983.5,99,145,2,3,"Fungi",176275,"Eukaryota","Ascomycota","Sordariomycetes","Hypocreales","Cordycipitaceae","Beauveria"
"29","Belgica antarctica",1699.5,7571.5,1008,3091,384,4736.5,3,8,"Metazoa",315563,"Eukaryota","Arthropoda","Insecta","Diptera","Chironomidae","Belgica"
"30","Beta vulgaris",3475,17223.5,1495,3185,1220,13247,3,10,"Plantae",3555,"Eukaryota","Streptophyta","Magnoliopsida","Caryophyllales","Chenopodiaceae","Beta"
"31","Bigelowiella natans",2054,7698,1108,2834,826.5,4804,7,24,"Protista",753081,"Eukaryota","Cercozoa","Chlorarachniophyceae",NA,NA,"Bigelowiella"
"32","Blumeria graminis",1972.5,4602.5,1843,4378.5,100,156,3,3,"Fungi",546991,"Eukaryota","Ascomycota","Leotiomycetes","Erysiphales","Erysiphaceae","Blumeria"
"33","Bombus impatiens",2036,27717.5,996,1818,711,24925.5,4,8,"Metazoa",132113,"Eukaryota","Arthropoda","Insecta","Hymenoptera","Apidae","Bombus"
"34","Bombus terrestris",3960,74906,2279,6038,1314,67919,6,11,"Metazoa",30195,"Eukaryota","Arthropoda","Insecta","Hymenoptera","Apidae","Bombus"
"35","Bombyx mori",3567,19629,867,2556,2618,17059,4,14,"Metazoa",7091,"Eukaryota","Arthropoda","Insecta","Lepidoptera","Bombycidae","Bombyx"
"36","Bos taurus",14041,188756,1973,3850,11597,183839.5,7,17,"Chordata",9913,"Eukaryota","Chordata","Mammalia","Artiodactyla","Bovidae","Bos"
"37","Brachypodium distachyon",2617,8761,1654.5,4116,547,4913,3,11,"Plantae",15368,"Eukaryota","Streptophyta","Magnoliopsida","Poales","Poaceae","Brachypodium"
"38","Branchiostoma lanceolatum",3179,21931,1206,2913,1676,18667,4,11,"Metazoa",7740,"Eukaryota","Chordata","Leptocardii","Amphioxiformes","Branchiostomidae","Branchiostoma"
"39","Brassica napus",1560,5076,1006,2628,448,2496,3,12,"Plantae",3708,"Eukaryota","Streptophyta","Magnoliopsida","Brassicales","Brassicaceae","Brassica"
"40","Brassica oleracea",1347,4625,837,2382,412,2379,3,11,"Plantae",109376,"Eukaryota","Streptophyta","Magnoliopsida","Brassicales","Brassicaceae","Brassica"
"41","Brassica rapa",1558,5359,982.5,2535,500,2854,3,12,"Plantae",3711,"Eukaryota","Streptophyta","Magnoliopsida","Brassicales","Brassicaceae","Brassica"
"42","Brugia malayi",3040,12376,1116.5,3591,1852,8856,7,23,"Metazoa",6279,"Eukaryota","Nematoda","Chromadorea","Rhabditida","Onchocercidae","Brugia"
"43","Caenorhabditis brenneri",1547,6658.5,959,2625,452,4057,4,10,"Metazoa",135651,"Eukaryota","Nematoda","Chromadorea","Rhabditida","Rhabditidae","Caenorhabditis"
"44","Caenorhabditis briggsae",1938,9315,1127,2853,625,6340.5,5,11,"Metazoa",6238,"Eukaryota","Nematoda","Chromadorea","Rhabditida","Rhabditidae","Caenorhabditis"
"45","Caenorhabditis elegans",1965,9762,1103,2865,723,6818,5,12,"Metazoa",6239,"Eukaryota","Nematoda","Chromadorea","Rhabditida","Rhabditidae","Caenorhabditis"
"46","Caenorhabditis japonica",1059,7849,603,2025,299,5768,3,8,"Metazoa",281687,"Eukaryota","Nematoda","Chromadorea","Rhabditida","Rhabditidae","Caenorhabditis"
"47","Caenorhabditis remanei",1465,6386,981,2506.5,363,3940.5,4,9,"Metazoa",31234,"Eukaryota","Nematoda","Chromadorea","Rhabditida","Rhabditidae","Caenorhabditis"
"48","Callithrix jacchus",17138,213747,1653,4339,14851,208607,7,19,"Chordata",9483,"Eukaryota","Chordata","Mammalia","Primates","Cebidae","Callithrix"
"49","Capitella teleta",1803,8205,891,2144,721,5878.5,3,12,"Metazoa",283909,"Eukaryota","Annelida","Polychaeta","Capitellida","Capitellidae","Capitella"
"50","Capra hircus",12605,175399,1515,3947,10490,169787,7,17,"Chordata",9925,"Eukaryota","Chordata","Mammalia","Artiodactyla","Bovidae","Capra"
"51","Capsicum annuum",2378,15147.5,873,1572,1196,13403,3,10,"Plantae",4072,"Eukaryota","Streptophyta","Magnoliopsida","Solanales","Solanaceae","Capsicum"
"52","Carlito syrichta",16278.5,147022,1486.5,3075,14515,143424,7,17,"Chordata",1868482,"Eukaryota","Chordata","Mammalia","Primates","Tarsiidae","Carlito"
"53","Cavia aperea",11393,128452,1110,2368,10075,125113,7,17,"Chordata",37548,"Eukaryota","Chordata","Mammalia","Rodentia","Caviidae","Cavia"
"54","Cavia porcellus",16705,174515.5,2199,3917,13861,169589.5,8,17,"Chordata",10141,"Eukaryota","Chordata","Mammalia","Rodentia","Caviidae","Cavia"
"55","Cercocebus atys",18537,210913,2385,4930,15554.5,204641,8,19,"Chordata",9531,"Eukaryota","Chordata","Mammalia","Primates","Cercopithecidae","Cercocebus"
"56","Chinchilla lanigera",18183,188537,2518,4781,15161,182946,8,18,"Chordata",34839,"Eukaryota","Chordata","Mammalia","Rodentia","Chinchillidae","Chinchilla"
"57","Chlamydomonas reinhardtii",4298,12786,2640,7770,1397,5646,7,21,"Plantae",3055,"Eukaryota","Chlorophyta","Chlorophyceae","Chlamydomonadales","Chlamydomonadaceae","Chlamydomonas"
"58","Chlorocebus sabaeus",17836,173943,1960,4143,15148,169190,7,17,"Chordata",60711,"Eukaryota","Chordata","Mammalia","Primates","Cercopithecidae","Chlorocebus"
"59","Choloepus hoffmanni",14431,99853,1149,3010.5,13164,95787.5,9,26,"Chordata",9358,"Eukaryota","Chordata","Mammalia","Pilosa","Megalonychidae","Choloepus"
"60","Chondrus crispus",984,3386,936,3171,0,0,1,1,"Plantae",2769,"Eukaryota","Rhodophyta","Florideophyceae","Gigartinales","Gigartinaceae","Chondrus"
"61","Ciona intestinalis",2527,12328,913,2524,1547,9771,5,17,"Chordata",7719,"Eukaryota","Chordata","Ascidiacea","Enterogona","Cionidae","Ciona"
"62","Ciona savignyi",3798,18520,1047,3171,2700,15461,6,21,"Chordata",51511,"Eukaryota","Chordata","Ascidiacea","Enterogona","Cionidae","Ciona"
"63","Coffea canephora",2788,9625,1482.5,2995,1068,6756,4,13,"Plantae",49390,"Eukaryota","Streptophyta","Magnoliopsida","Gentianales","Rubiaceae","Coffea"
"64","Colletotrichum graminicola",1313,3524,1164,3300,104,166,2,3,"Fungi",645133,"Eukaryota","Ascomycota","Sordariomycetes","Glomerellales","Glomerellaceae","Colletotrichum"
"65","Colletotrichum higginsianum",1021,2890,894,2685,76,155,2,3,"Fungi",80884,"Eukaryota","Ascomycota","Sordariomycetes","Glomerellales","Glomerellaceae","Colletotrichum"
"66","Colletotrichum orbiculare",1371,3711,1194,3288,108,225,2,4,"Fungi",1213857,"Eukaryota","Ascomycota","Sordariomycetes","Glomerellales","Glomerellaceae","Colletotrichum"
"67","Corchorus capsularis",1727,8694,750,2325,708,6615,3,12,"Plantae",210143,"Eukaryota","Streptophyta","Magnoliopsida","Malvales","Malvaceae","Corchorus"
"68","Crassostrea gigas",5051,26002,957,2604,3963,23248,4,17,"Metazoa",29159,"Eukaryota","Mollusca","Bivalvia","Ostreoida","Ostreidae","Crassostrea"
"69","Cricetulus griseus",13651,129050.5,1739,3826,11281,124616,7,17,"Chordata",10029,"Eukaryota","Chordata","Mammalia","Rodentia","Cricetidae","Cricetulus"
"70","Cucumis sativus",2354,9008,1228,2626.5,832,6401,3,13,"Plantae",3659,"Eukaryota","Streptophyta","Magnoliopsida","Cucurbitales","Cucurbitaceae","Cucumis"
"71","Culex quinquefasciatus",2357.5,22052,1047,1587,909,20143,3,6,"Metazoa",7176,"Eukaryota","Arthropoda","Insecta","Diptera","Culicidae","Culex"
"72","Culicoides sonorensis",2882.5,18843.5,1766.5,3628,430,14712,4,9,"Metazoa",179676,"Eukaryota","Arthropoda","Insecta","Diptera","Ceratopogonidae","Culicoides"
"73","Cyanidioschyzon merolae",1236,3477,1236,3477,0,0,1,1,"Plantae",280699,"Eukaryota","Rhodophyta","Bangiophyceae","Cyanidiales","Cyanidiaceae","Cyanidioschyzon"
"74","Cynara cardunculus",3660,15941,1294,2360,2094,13226,4,11,"Plantae",59895,"Eukaryota","Streptophyta","Magnoliopsida","Asterales","Asteraceae","Cynara"
"75","Cynoglossus semilaevis",6815,45556,2244,4912,4060,40990,8,17,"Chordata",244447,"Eukaryota","Chordata","Actinopteri","Pleuronectiformes","Cynoglossidae","Cynoglossus"
"76","Cyprinodon variegatus",9964,71731,1987,4140.5,7542,66932,7,16,"Chordata",28743,"Eukaryota","Chordata","Actinopteri","Cyprinodontiformes","Cyprinodontidae","Cyprinodon"
"77","Danaus plexippus",3119,20138,981,2307,1923,16916,5,13,"Metazoa",13037,"Eukaryota","Arthropoda","Insecta","Lepidoptera","Nymphalidae","Danaus"
"78","Danio rerio",13335,113122,1967,4315.5,10937,108287,7,17,"Chordata",7955,"Eukaryota","Chordata","Actinopteri","Cypriniformes","Cyprinidae","Danio"
"79","Daphnia magna",1656,11731,1313.5,7342,181,4179,3,8,"Metazoa",35525,"Eukaryota","Arthropoda","Branchiopoda","Diplostraca","Daphniidae","Daphnia"
"80","Daphnia pulex",1288,6437.5,792,2232,329,4124.5,3,9,"Metazoa",6669,"Eukaryota","Arthropoda","Branchiopoda","Diplostraca","Daphniidae","Daphnia"
"81","Dasypus novemcinctus",11340,158174,1622,4036,8955,153585,6,17,"Chordata",9361,"Eukaryota","Chordata","Mammalia","Cingulata","Dasypodidae","Dasypus"
"82","Daucus carota",2021,9749,969,2271,850,7468,3,13,"Plantae",79200,"Eukaryota","Streptophyta","Magnoliopsida","Apiales","Apiaceae","Daucus"
"83","Dendroctonus ponderosae",2488,13295.5,1177.5,2517,964,10398.5,5,10,"Metazoa",77166,"Eukaryota","Arthropoda","Insecta","Coleoptera","Curculionidae","Dendroctonus"
"84","Dictyostelium discoideum",1352,4637,1170,4299,104,220,2,3,"Protista",352472,"Eukaryota","Evosea","Eumycetozoa","Dictyosteliales","Dictyosteliaceae","Dictyostelium"
"85","Dinothrombium tinctorium",1290,5941,996,3060,136,2799,3,6,"Metazoa",1965070,"Eukaryota","Arthropoda","Arachnida","Trombidiformes","Trombidiidae","Dinothrombium"
"86","Dioscorea rotundata",3867,14104,1425,3111,2117,11025,5,14,"Plantae",55577,"Eukaryota","Streptophyta","Magnoliopsida","Dioscoreales","Dioscoreaceae","Dioscorea"
"87","Dipodomys ordii",15528,139595,1578,2981,13652,136229,8,17,"Chordata",10020,"Eukaryota","Chordata","Mammalia","Rodentia","Heteromyidae","Dipodomys"
"88","Dothistroma septosporum",1570,4616,1460,4434,52,61,2,2,"Fungi",675120,"Eukaryota","Ascomycota","Dothideomycetes","Mycosphaerellales","Mycosphaerellaceae","Dothistroma"
"89","Drosophila ananassae",1973,25790,1508,3929,237,21084,3,9,"Metazoa",7217,"Eukaryota","Arthropoda","Insecta","Diptera","Drosophilidae","Drosophila"
"90","Drosophila erecta",1982,23609,1502,3778,275,19516,3,9,"Metazoa",7220,"Eukaryota","Arthropoda","Insecta","Diptera","Drosophilidae","Drosophila"
"91","Drosophila grimshawi",2118,24437,1519,3577,357,20190,3,9,"Metazoa",7222,"Eukaryota","Arthropoda","Insecta","Diptera","Drosophilidae","Drosophila"
"92","Drosophila melanogaster",2167,29072,1740,5778,254,22754,3,10,"Metazoa",7227,"Eukaryota","Arthropoda","Insecta","Diptera","Drosophilidae","Drosophila"
"93","Drosophila mojavensis",2168,30616,1560,3637,314,26377,3,9,"Metazoa",7230,"Eukaryota","Arthropoda","Insecta","Diptera","Drosophilidae","Drosophila"
"94","Drosophila persimilis",1348.5,13969.5,942,1996.5,170,11235,3,7,"Metazoa",7234,"Eukaryota","Arthropoda","Insecta","Diptera","Drosophilidae","Drosophila"
"95","Drosophila pseudoobscura",2055,25409,1597,4358.5,208,20713.5,3,9,"Metazoa",46245,"Eukaryota","Arthropoda","Insecta","Diptera","Drosophilidae","Drosophila"
"96","Drosophila sechellia",1365,12097,954,2211,187,9490,3,7,"Metazoa",7238,"Eukaryota","Arthropoda","Insecta","Diptera","Drosophilidae","Drosophila"
"97","Drosophila simulans",2124,24761,1665,4939.5,250,19522,3,10,"Metazoa",7240,"Eukaryota","Arthropoda","Insecta","Diptera","Drosophilidae","Drosophila"
"98","Drosophila virilis",2188.5,32832,1574,3686,331,28666,3,9,"Metazoa",7244,"Eukaryota","Arthropoda","Insecta","Diptera","Drosophilidae","Drosophila"
"99","Drosophila willistoni",1808,20825,1278,2556,241,17744,3,8,"Metazoa",7260,"Eukaryota","Arthropoda","Insecta","Diptera","Drosophilidae","Drosophila"
"100","Drosophila yakuba",2003.5,24466,1541,4506,258,19474,3,9,"Metazoa",7245,"Eukaryota","Arthropoda","Insecta","Diptera","Drosophilidae","Drosophila"
"101","Echinops telfairi",15604,201149,1146,2584.5,14068,198085.5,11,23,"Chordata",9371,"Eukaryota","Chordata","Mammalia",NA,"Tenrecidae","Echinops"
"102","Emiliania huxleyi",1243,4487,915,2472,225,2144,3,8,"Protista",280463,"Eukaryota","Haptista","Haptophyta","Isochrysidales","Noelaerhabdaceae","Emiliania"
"103","Entamoeba histolytica",1002,3198,978,3181.5,0,0,1,1,"Protista",294381,"Eukaryota","Evosea",NA,"Mastigamoebida","Entamoebidae","Entamoeba"
"104","Eptatretus burgeri",42924,236644.5,2358,4450.5,39941,232221,7,16,"Chordata",7764,"Eukaryota","Chordata","Myxini","Myxiniformes","Myxinidae","Eptatretus"
"105","Equus caballus",14099,184431.5,1698,3457.5,12049,180137,7,17.5,"Chordata",9796,"Eukaryota","Chordata","Mammalia","Perissodactyla","Equidae","Equus"
"106","Eragrostis tef",3365,10302,1232,2787.5,1979,7710,5,14,"Plantae",110835,"Eukaryota","Streptophyta","Magnoliopsida","Poales","Poaceae","Eragrostis"
"107","Erinaceus europaeus",17548,170122,1194,2662.5,15943,167187,10,23,"Chordata",9365,"Eukaryota","Chordata","Mammalia","Eulipotyphla","Erinaceidae","Erinaceus"
"108","Esox lucius",10051,77324,2727,5089,6855,72189,8,17,"Chordata",8010,"Eukaryota","Chordata","Actinopteri","Esociformes","Esocidae","Esox"
"109","Felis catus",16926,202027,2241,4684,14125,197390,8,17,"Chordata",9685,"Eukaryota","Chordata","Mammalia","Carnivora","Felidae","Felis"
"110","Ficedula albicollis",12333,110662,2295,4156,9503,106941,8,16,"Chordata",59894,"Eukaryota","Chordata","Aves","Passeriformes","Muscicapidae","Ficedula"
"111","Fukomys damarensis",15765,166332,1944,3846,13338,161187,8,18,"Chordata",885580,"Eukaryota","Chordata","Mammalia","Rodentia","Bathyergidae","Fukomys"
"112","Fundulus heteroclitus",10093,76873.5,2108.5,4018,7420.5,72588.5,7,16,"Chordata",8078,"Eukaryota","Chordata","Actinopteri","Cyprinodontiformes","Fundulidae","Fundulus"
"113","Fusarium fujikuroi",1359,3532,1239,3324,79,152,2,3,"Fungi",5127,"Eukaryota","Ascomycota","Sordariomycetes","Hypocreales","Nectriaceae","Fusarium"
"114","Fusarium oxysporum",1294,3423.5,1125.5,3156,102,199.5,2,3,"Fungi",426428,"Eukaryota","Ascomycota","Sordariomycetes","Hypocreales","Nectriaceae","Fusarium"
"115","Fusarium pseudograminearum",1354.5,3692,1218,3426,95,161,2,3,"Fungi",1028729,"Eukaryota","Ascomycota","Sordariomycetes","Hypocreales","Nectriaceae","Fusarium"
"116","Fusarium verticillioides",1397,3558,1239,3249.5,102,209,2,3,"Fungi",334819,"Eukaryota","Ascomycota","Sordariomycetes","Hypocreales","Nectriaceae","Fusarium"
"117","Gadus morhua",6395,59110.5,1083,2509.5,5176,56010,9,23,"Chordata",8049,"Eukaryota","Chordata","Actinopteri","Gadiformes","Gadidae","Gadus"
"118","Galdieria sulphuraria",1375,3358,1282,3163,57,171,2,4,"Plantae",130081,"Eukaryota","Rhodophyta","Bangiophyceae","Cyanidiales","Cyanidiaceae","Galdieria"
"119","Gallus gallus",11402,123148.5,2189,3471.5,8987,119430,8,16,"Chordata",9031,"Eukaryota","Chordata","Aves","Galliformes","Phasianidae","Gallus"
"120","Gambusia affinis",8004.5,58264.5,2234,4899,5459,53279.5,8,17,"Chordata",33528,"Eukaryota","Chordata","Actinopteri","Cyprinodontiformes","Poeciliidae","Gambusia"
"121","Gasterosteus aculeatus",4726,32519,1399,2740,3118,29319,8,20,"Chordata",69293,"Eukaryota","Chordata","Actinopteri","Perciformes","Gasterosteidae","Gasterosteus"
"122","Glycine max",2938,10066,1608,3529,1045,6528,3,12,"Plantae",3847,"Eukaryota","Streptophyta","Magnoliopsida","Fabales","Fabaceae","Glycine"
"123","Gopherus agassizii",15207,150148,1615,3556,13250,146142.5,7,18,"Chordata",38772,"Eukaryota","Chordata","Reptilia","Testudines","Testudinidae","Gopherus"
"124","Gossypium raimondii",2517,7952,1644,3822.5,615,4259.5,3,12,"Plantae",29730,"Eukaryota","Streptophyta","Magnoliopsida","Malvales","Malvaceae","Gossypium"
"125","Haplochromis burtoni",8509,65275,2463,5079,5581,60171,7,16,"Chordata",8153,"Eukaryota","Chordata","Actinopteri","Cichliformes","Cichlidae","Haplochromis"
"126","Helianthus annuus",2588,10970.5,1313,2261,861,8491,3,8,"Plantae",4232,"Eukaryota","Streptophyta","Magnoliopsida","Asterales","Asteraceae","Helianthus"
"127","Heliconius melpomene",5186,27685,1603,3449,3211,24095,5,12,"Metazoa",34740,"Eukaryota","Arthropoda","Insecta","Lepidoptera","Nymphalidae","Heliconius"
"128","Helobdella robusta",2485,11838.5,880,2467.5,1396,9103,4,15,"Metazoa",6412,"Eukaryota","Annelida","Clitellata","Hirudinida","Glossiphoniidae","Helobdella"
"129","Heterocephalus glaber",12913.5,179500,2016,4340.5,10229,173843.5,7,17,"Chordata",10181,"Eukaryota","Chordata","Mammalia","Rodentia","Bathyergidae","Heterocephalus"
"130","Hippocampus comes",6329.5,41934,1661.5,3174,4434.5,38557,7,16,"Chordata",109280,"Eukaryota","Chordata","Actinopteri","Syngnathiformes","Syngnathidae","Hippocampus"
"131","Hofstenia miamia",5379.5,56768,870,1788,4386.5,54427,3,10,"Metazoa",442651,"Eukaryota","Xenacoelomorpha",NA,"Acoela","Hofsteniidae","Hofstenia"
"132","Homo sapiens",23288.5,245891,3991.5,8394,18859,236622,9,23,"Chordata",9606,"Eukaryota","Chordata","Mammalia","Primates","Hominidae","Homo"
"133","Hordeum vulgare",2281,16193,1589,4083,261,11820,2,8,"Plantae",112509,"Eukaryota","Streptophyta","Magnoliopsida","Poales","Poaceae","Hordeum"
"134","Hyaloperonospora arabidopsidis",816,3006,657,2856,0,80.5,1,2,"Protista",559515,"Eukaryota",NA,"Oomycota","Peronosporales","Peronosporaceae","Hyaloperonospora"
"135","Ictalurus punctatus",9521.5,71913,2401,4932.5,6673,66941,7,18,"Chordata",7998,"Eukaryota","Chordata","Actinopteri","Siluriformes","Ictaluridae","Ictalurus"
"136","Ictidomys tridecemlineatus",16182.5,175238,2206,4383,13428,170506,8,17,"Chordata",43179,"Eukaryota","Chordata","Mammalia","Rodentia","Sciuridae","Ictidomys"
"137","Ixodes scapularis",4508,41422,687,1827,3745,39405,3,11,"Metazoa",6945,"Eukaryota","Arthropoda","Arachnida","Ixodida","Ixodidae","Ixodes"
"138","Jaculus jaculus",16110,177264,1272,2678,14650,172925,7,17,"Chordata",51337,"Eukaryota","Chordata","Mammalia","Rodentia","Dipodidae","Jaculus"
"139","Kryptolebias marmoratus",7827,61863,2307,4761,5194,57249,8,17,"Chordata",37003,"Eukaryota","Chordata","Actinopteri","Cyprinodontiformes","Rivulidae","Kryptolebias"
"140","Labrus bergylta",6829,46465,1778,4518,4728,41845,7,16,"Chordata",56723,"Eukaryota","Chordata","Actinopteri","Labriformes","Labridae","Labrus"
"141","Latimeria chalumnae",21041,151632,1782,3860,18698,147827,7,19,"Chordata",7897,"Eukaryota","Chordata","Coelacanthimorpha","Coelacanthiformes","Coelacanthidae","Latimeria"
"142","Leersia perrieri",2776,10353.5,1276,3463,1303,7133.5,4,13,"Plantae",77586,"Eukaryota","Streptophyta","Magnoliopsida","Poales","Poaceae","Leersia"
"143","Leishmania major",1404,4915.5,1404,4905,0,0,1,1,"Protista",347515,"Eukaryota","Euglenozoa","Kinetoplastea","Trypanosomatida","Trypanosomatidae","Leishmania"
"144","Lepeophtheirus salmonis",2770,45076,1219,1860,841,42639.5,3,7,"Metazoa",72036,"Eukaryota","Arthropoda","Hexanauplia","Siphonostomatoida","Caligidae","Lepeophtheirus"
"145","Lepisosteus oculatus",11367,96270.5,2094,4490.5,8680,91562,8,19,"Chordata",7918,"Eukaryota","Chordata","Actinopteri","Semionotiformes","Lepisosteidae","Lepisosteus"
"146","Leptosphaeria maculans",1162,3674,1002,3327,112,304,2,4,"Fungi",985895,"Eukaryota","Ascomycota","Dothideomycetes","Pleosporales","Leptosphaeriaceae","Leptosphaeria"
"147","Leptotrombidium deliense",922,3658,770,2790,68,755.5,2,5,"Metazoa",299467,"Eukaryota","Arthropoda","Arachnida","Trombidiformes","Trombiculidae","Leptotrombidium"
"148","Lingula anatina",3951,21881,1011,3087,2852,18565,5,19,"Metazoa",7574,"Eukaryota","Brachiopoda","Lingulata","Lingulida","Lingulidae","Lingula"
"149","Loa loa",1777,9019,624,2865,1113,6281,4,19,"Metazoa",7209,"Eukaryota","Nematoda","Chromadorea","Rhabditida","Onchocercidae","Loa"
"150","Lottia gigantea",2970.5,17979,979,2418,1845,15420.5,4,15,"Metazoa",225164,"Eukaryota","Mollusca","Gastropoda",NA,"Lottiidae","Lottia"
"151","Loxodonta africana",11823,167088.5,1120,2456,10422,163262.5,7,17.5,"Chordata",9785,"Eukaryota","Chordata","Mammalia","Proboscidea","Elephantidae","Loxodonta"
"152","Lucilia cuprina",3473,55481.5,1335,3871.5,1487,50933,4,8,"Metazoa",7375,"Eukaryota","Arthropoda","Insecta","Diptera","Calliphoridae","Lucilia"
"153","Lupinus angustifolius",2464,9974,1062,2484,1291,7448,4,14,"Plantae",3871,"Eukaryota","Streptophyta","Magnoliopsida","Fabales","Fabaceae","Lupinus"
"154","Macaca fascicularis",16983.5,206791,2213,4691,14124,199967,7,19,"Chordata",9541,"Eukaryota","Chordata","Mammalia","Primates","Cercopithecidae","Macaca"
"155","Macaca mulatta",17101,209902.5,2090,4792,14308,204058.5,7,19,"Chordata",9544,"Eukaryota","Chordata","Mammalia","Primates","Cercopithecidae","Macaca"
"156","Macaca nemestrina",19230.5,209597,2417.5,4880.5,16080,203925,8,19,"Chordata",9545,"Eukaryota","Chordata","Mammalia","Primates","Cercopithecidae","Macaca"
"157","Mandrillus leucophaeus",17891.5,186809,1817,3545.5,15707,181865.5,7,18,"Chordata",9568,"Eukaryota","Chordata","Mammalia","Primates","Cercopithecidae","Mandrillus"
"158","Manihot esculenta",2497,10183,1437,3163,696,7023,3,12,"Plantae",3983,"Eukaryota","Streptophyta","Magnoliopsida","Malpighiales","Euphorbiaceae","Manihot"
"159","Marchantia polymorpha",2880,9603,2057,5060,500,4889,3,14,"Plantae",3197,"Eukaryota","Streptophyta","Marchantiopsida","Marchantiales","Marchantiaceae","Marchantia"
"160","Mastacembelus armatus",7144,51538,2308,4853.5,4436,47031.5,8,17,"Chordata",205130,"Eukaryota","Chordata","Actinopteri","Synbranchiformes","Mastacembelidae","Mastacembelus"
"161","Mayetiola destructor",1405,10127,888,3995,286,6401,3,11,"Metazoa",39758,"Eukaryota","Arthropoda","Insecta","Diptera","Cecidomyiidae","Mayetiola"
"162","Maylandia zebra",7819.5,62615.5,2032,4616,5399.5,57759.5,7,16,"Chordata",106582,"Eukaryota","Chordata","Actinopteri","Cichliformes","Cichlidae","Maylandia"
"163","Medicago truncatula",1723.5,7609,984,2862,548,4885,2,11,"Plantae",3880,"Eukaryota","Streptophyta","Magnoliopsida","Fabales","Fabaceae","Medicago"
"164","Megaselia scalaris",1361,6970.5,541,1360.5,399,5390.5,2,5,"Metazoa",36166,"Eukaryota","Arthropoda","Insecta","Diptera","Phoridae","Megaselia"
"165","Melampsora larici-populina",1376,3831.5,993,2893,299,967.5,4,9,"Fungi",747676,"Eukaryota","Basidiomycota","Pucciniomycetes","Pucciniales","Melampsoraceae","Melampsora"
"166","Meleagris gallopavo",9918,93754,1351,2613,8268,90808,8,17,"Chordata",9103,"Eukaryota","Chordata","Aves","Galliformes","Phasianidae","Meleagris"
"167","Melitaea cinxia",6034,28359,1002,1518,4561,26395,5,9,"Metazoa",113334,"Eukaryota","Arthropoda","Insecta","Lepidoptera","Nymphalidae","Melitaea"
"168","Mesocricetus auratus",15215,152509,1711,3301,13158,148361,7,16,"Chordata",10036,"Eukaryota","Chordata","Mammalia","Rodentia","Cricetidae","Mesocricetus"
"169","Microcebus murinus",19060.5,201613,2370,4558.5,15981,196195,8,18,"Chordata",30608,"Eukaryota","Chordata","Mammalia","Primates","Cheirogaleidae","Microcebus"
"170","Microtus ochrogaster",15155,157240,1752,3349,13159.5,152997,7,17,"Chordata",79684,"Eukaryota","Chordata","Mammalia","Rodentia","Cricetidae","Microtus"
"171","Mnemiopsis leidyi",3027,20420.5,1362,2683.5,1231.5,17338,4,14,"Metazoa",27923,"Eukaryota","Ctenophora","Tentaculata","Lobata","Bolinopsidae","Mnemiopsis"
"172","Mola mola",6523,48009,1161,2513.5,5237,44905.5,7,16,"Chordata",94237,"Eukaryota","Chordata","Actinopteri","Tetraodontiformes","Molidae","Mola"
"173","Monodelphis domestica",18888,237388,1884,4043,16282,233135,6,15,"Chordata",13616,"Eukaryota","Chordata","Mammalia","Didelphimorphia","Didelphidae","Monodelphis"
"174","Monopterus albus",7887,59793,2007,4528,5318,54919,8,16,"Chordata",43700,"Eukaryota","Chordata","Actinopteri","Synbranchiformes","Synbranchidae","Monopterus"
"175","Mus caroli",18546,195691.5,3160,7110,14953,188330,8,19,"Chordata",10089,"Eukaryota","Chordata","Mammalia","Rodentia","Muridae","Mus"
"176","Mus musculus",17410,184690,3498,7962,13518,175229,7,19,"Chordata",10090,"Eukaryota","Chordata","Mammalia","Rodentia","Muridae","Mus"
"177","Mus pahari",18498.5,194243,3131,7030.5,14905,185277,8,20,"Chordata",10093,"Eukaryota","Chordata","Mammalia","Rodentia","Muridae","Mus"
"178","Mus spretus",19473,205524,3088,7045,15836,197284,8,19,"Chordata",10096,"Eukaryota","Chordata","Mammalia","Rodentia","Muridae","Mus"
"179","Musa acuminata",2507,11665.5,1032,2183,1272,9417,4,12,"Plantae",214687,"Eukaryota","Streptophyta","Magnoliopsida","Zingiberales","Musaceae","Musa"
"180","Myotis lucifugus",9725.5,101357,1156.5,2637,8420.5,97849,7,19,"Chordata",59463,"Eukaryota","Chordata","Mammalia","Chiroptera","Vespertilionidae","Myotis"
"181","Nannospalax galili",16912,181610,1781,3171,14832,177852,7,17,"Chordata",1026970,"Eukaryota","Chordata","Mammalia","Rodentia","Spalacidae","Nannospalax"
"182","Nasonia vitripennis",2116,29448,1119,1923,704,27325,4,8,"Metazoa",7425,"Eukaryota","Arthropoda","Insecta","Hymenoptera","Pteromalidae","Nasonia"
"183","Nematostella vectensis",2473,15840,837,2398.5,1462,13225,3,16,"Metazoa",45351,"Eukaryota","Cnidaria","Anthozoa","Actiniaria","Edwardsiidae","Nematostella"
"184","Neolamprologus brichardi",6775.5,52235,1355,2769,5114,48923,6,14,"Chordata",32507,"Eukaryota","Chordata","Actinopteri","Cichliformes","Cichlidae","Neolamprologus"
"185","Neurospora crassa",2126.5,4968,1957,4781,116,135,2,3,"Fungi",367110,"Eukaryota","Ascomycota","Sordariomycetes","Sordariales","Sordariaceae","Neurospora"
"186","Nicotiana attenuata",2405,10991,1249,2416,907,8565,3,12,"Plantae",49451,"Eukaryota","Streptophyta","Magnoliopsida","Solanales","Solanaceae","Nicotiana"
"187","Nomascus leucogenys",16649,190393,1756.5,3532,14457.5,186302,7,19,"Chordata",61853,"Eukaryota","Chordata","Mammalia","Primates","Hylobatidae","Nomascus"
"188","Notamacropus eugenii",15835,104726,1236,2970,14405,101611,10,26,"Chordata",9315,"Eukaryota","Chordata","Mammalia","Diprotodontia","Macropodidae","Notamacropus"
"189","Ochotona princeps",15466.5,191933,1230,2427,14005,188794,10,20,"Chordata",9978,"Eukaryota","Chordata","Mammalia","Lagomorpha","Ochotonidae","Ochotona"
"190","Octodon degus",10843,162339,1176.5,2637,9364.5,158546,6,17,"Chordata",10160,"Eukaryota","Chordata","Mammalia","Rodentia","Octodontidae","Octodon"
"191","Octopus bimaculoides",2462,55023,887,2900,923,51952,2,12,"Metazoa",37653,"Eukaryota","Mollusca","Cephalopoda","Octopoda","Octopodidae","Octopus"
"192","Onchocerca volvulus",3690,14009.5,1413,4482,2055,9713,7,21,"Metazoa",6282,"Eukaryota","Nematoda","Chromadorea","Rhabditida","Onchocercidae","Onchocerca"
"193","Orchesella cincta",2043,8179,1450,4184,405,3832,4,10,"Metazoa",48709,"Eukaryota","Arthropoda","Collembola","Entomobryomorpha","Entomobryidae","Orchesella"
"194","Oreochromis niloticus",8369,63846,2033,4447.5,5777,58817,8,20,"Chordata",8128,"Eukaryota","Chordata","Actinopteri","Cichliformes","Cichlidae","Oreochromis"
"195","Ornithorhynchus anatinus",7866,94822,1062,3128,6465,91358.5,5,15,"Chordata",9258,"Eukaryota","Chordata","Mammalia","Monotremata","Ornithorhynchidae","Ornithorhynchus"
"196","Oryctolagus cuniculus",14275,189058,1671,3828,11981,184819,7,17,"Chordata",9986,"Eukaryota","Chordata","Mammalia","Lagomorpha","Leporidae","Oryctolagus"
"197","Oryza barthii",2310,9760,1017,2874,1103,7124,3,12,"Plantae",65489,"Eukaryota","Streptophyta","Magnoliopsida","Poales","Poaceae","Oryza"
"198","Oryza brachyantha",1973,8086.5,1015,2629.5,753,5570,3,13,"Plantae",4533,"Eukaryota","Streptophyta","Magnoliopsida","Poales","Poaceae","Oryza"
"199","Oryza glaberrima",1680,6789,897,2112,550,4779,3,11,"Plantae",4538,"Eukaryota","Streptophyta","Magnoliopsida","Poales","Poaceae","Oryza"
"200","Oryza glumipatula",2553,11987,1086,2871,1177,9141.5,3,10,"Plantae",40148,"Eukaryota","Streptophyta","Magnoliopsida","Poales","Poaceae","Oryza"
"201","Oryza longistaminata",1856,8885,810,2475,828,6477,3,14,"Plantae",4528,"Eukaryota","Streptophyta","Magnoliopsida","Poales","Poaceae","Oryza"
"202","Oryza meridionalis",2949,13036,1470.5,4699,1198,8676,3,14,"Plantae",40149,"Eukaryota","Streptophyta","Magnoliopsida","Poales","Poaceae","Oryza"
"203","Oryza punctata",2747,11410,1201,2901,1333,8702,4,11,"Plantae",4537,"Eukaryota","Streptophyta","Magnoliopsida","Poales","Poaceae","Oryza"
"204","Oryza rufipogon",2412,10792,1054,2986,1127,8030,3,11,"Plantae",4529,"Eukaryota","Streptophyta","Magnoliopsida","Poales","Poaceae","Oryza"
"205","Oryzias latipes",8203,67459,2511,4954,5381,62390,7,17,"Chordata",8090,"Eukaryota","Chordata","Actinopteri","Beloniformes","Adrianichthyidae","Oryzias"
"206","Oryzias melastigma",8403.5,67154,2411,4973,5600.5,62036,7,16,"Chordata",30732,"Eukaryota","Chordata","Actinopteri","Beloniformes","Adrianichthyidae","Oryzias"
"207","Otolemur garnettii",13594,148778,1284,2807,12087,145454,7,18,"Chordata",30611,"Eukaryota","Chordata","Mammalia","Primates","Galagidae","Otolemur"
"208","Ovis aries",12196,169147,1374,2924.5,10275,165799,7,17,"Chordata",9940,"Eukaryota","Chordata","Mammalia","Artiodactyla","Bovidae","Ovis"
"209","Pan paniscus",16078,189795,1982,4117,13443,184879.5,7,19,"Chordata",9597,"Eukaryota","Chordata","Mammalia","Primates","Hominidae","Pan"
"210","Pan troglodytes",15564.5,195902,2174,4718,12744,190997,7,19,"Chordata",9598,"Eukaryota","Chordata","Mammalia","Primates","Hominidae","Pan"
"211","Panthera pardus",16478.5,191708,1746,3387,14373,187601,7,17,"Chordata",9691,"Eukaryota","Chordata","Mammalia","Carnivora","Felidae","Panthera"
"212","Papio anubis",15041.5,198694,1382,3256,12966,195179,7,18,"Chordata",9555,"Eukaryota","Chordata","Mammalia","Primates","Cercopithecidae","Papio"
"213","Paramecium tetraurelia",1111,3636.5,1053,3534,49,93,3,5,"Protista",5888,"Eukaryota","Ciliophora","Oligohymenophorea","Peniculida","Parameciidae","Paramecium"
"214","Paramormyrops kingsleyae",8710.5,58049,2501,5230,5750,52454,7,17,"Chordata",1676925,"Eukaryota","Chordata","Actinopteri","Osteoglossiformes","Mormyridae","Paramormyrops"
"215","Pediculus humanus",1914,9535,1132.5,3471,660,5651,5,14,"Metazoa",121224,"Eukaryota","Arthropoda","Insecta","Phthiraptera","Pediculidae","Pediculus"
"216","Pelodiscus sinensis",16843,173843,1944,4173,14272,170091,7,17,"Chordata",13735,"Eukaryota","Chordata","Reptilia","Testudines","Trionychidae","Pelodiscus"
"217","Periophthalmus magnuspinnatus",5536,39567.5,1050,2215.5,4459,36922,6,14.5,"Chordata",409849,"Eukaryota","Chordata","Actinopteri","Gobiiformes","Gobiidae","Periophthalmus"
"218","Petromyzon marinus",7396,41580,941,2310,6395,38919,6,20,"Chordata",7757,"Eukaryota","Chordata","Hyperoartia","Petromyzontiformes","Petromyzontidae","Petromyzon"
"219","Phaeodactylum tricornutum",1287,3970.5,1227,3793.5,0,135.5,1,2,"Protista",556484,"Eukaryota","Bacillariophyta","Bacillariophyceae","Naviculales","Phaeodactylaceae","Phaeodactylum"
"220","Phascolarctos cinereus",20118.5,226879.5,1773,3478,18022.5,222443,7,17,"Chordata",38626,"Eukaryota","Chordata","Mammalia","Diprotodontia","Phascolarctidae","Phascolarctos"
"221","Phaseolus vulgaris",2789.5,9557.5,1505,3074.5,1006,6663,3,13,"Plantae",3885,"Eukaryota","Streptophyta","Magnoliopsida","Fabales","Fabaceae","Phaseolus"
"222","Physcomitrella patens",2783.5,8266.5,1956,4822,627,3746,3,15,"Plantae",3218,"Eukaryota","Streptophyta","Bryopsida","Funariales","Funariaceae","Physcomitrella"
"223","Phytophthora infestans",1186,3769,984,3351,99,293,2,4,"Protista",403677,"Eukaryota",NA,"Oomycota","Peronosporales","Peronosporaceae","Phytophthora"
"224","Phytophthora kernoviae",1233,4323,852,2643,276,1933,3,8,"Protista",1284355,"Eukaryota",NA,"Oomycota","Peronosporales","Peronosporaceae","Phytophthora"
"225","Phytophthora lateralis",1168,4325.5,924,3339,141,1151.5,2,6,"Protista",1254522,"Eukaryota",NA,"Oomycota","Peronosporales","Peronosporaceae","Phytophthora"
"226","Phytophthora parasitica",1172,3920,1074,3784,0,65,1,2,"Protista",1317065,"Eukaryota",NA,"Oomycota","Peronosporales","Peronosporaceae","Phytophthora"
"227","Phytophthora ramorum",1260,4099,1116,3561,57,523,2,4,"Protista",164328,"Eukaryota",NA,"Oomycota","Peronosporales","Peronosporaceae","Phytophthora"
"228","Phytophthora sojae",993,3929,849,3192,49,396,2,4,"Protista",67593,"Eukaryota",NA,"Oomycota","Peronosporales","Peronosporaceae","Phytophthora"
"229","Plasmodium berghei",1626,6297,1371,5982,90,169,2,2,"Protista",5823,"Eukaryota","Apicomplexa","Aconoidasida","Haemosporida","Plasmodiidae","Plasmodium"
"230","Plasmodium chabaudi",1587,6112,1347,5778,105,142,2,2,"Protista",31271,"Eukaryota","Apicomplexa","Aconoidasida","Haemosporida","Plasmodiidae","Plasmodium"
"231","Plasmodium knowlesi",1767,7154,1455,6250.5,119.5,222.5,2,2,"Protista",5851,"Eukaryota","Apicomplexa","Aconoidasida","Haemosporida","Plasmodiidae","Plasmodium"
"232","Plasmodium vivax",1910,6764,1628,6339,120,209,2,2,"Protista",5855,"Eukaryota","Apicomplexa","Aconoidasida","Haemosporida","Plasmodiidae","Plasmodium"
"233","Poecilia formosa",8561,64351,2461,4859.5,5554,59223,8,18,"Chordata",48698,"Eukaryota","Chordata","Actinopteri","Cyprinodontiformes","Poeciliidae","Poecilia"
"234","Poecilia latipinna",7470,52431.5,1635,3704.5,5506,48557.5,7,16,"Chordata",48699,"Eukaryota","Chordata","Actinopteri","Cyprinodontiformes","Poeciliidae","Poecilia"
"235","Poecilia mexicana",8166,54766,2155,4503,5590,50201,7,16,"Chordata",48701,"Eukaryota","Chordata","Actinopteri","Cyprinodontiformes","Poeciliidae","Poecilia"
"236","Poecilia reticulata",7516,62967.5,1493,3518.5,5467,58356.5,7,16,"Chordata",8081,"Eukaryota","Chordata","Actinopteri","Cyprinodontiformes","Poeciliidae","Poecilia"
"237","Pongo abelii",16575.5,198379,1889,4128,14118.5,195009,7,17,"Chordata",9601,"Eukaryota","Chordata","Mammalia","Primates","Hominidae","Pongo"
"238","Populus trichocarpa",2428,8147,1506,3547,680,4807,3,12,"Plantae",3694,"Eukaryota","Streptophyta","Magnoliopsida","Malpighiales","Salicaceae","Populus"
"239","Pristionchus pacificus",2462,15738,882,3654,1491.5,12068,8,36,"Metazoa",54126,"Eukaryota","Nematoda","Chromadorea","Rhabditida","Neodiplogasteridae","Pristionchus"
"240","Procavia capensis",16666,141278,1260,2829,15170,137636,10,23,"Chordata",9813,"Eukaryota","Chordata","Mammalia","Hyracoidea","Procaviidae","Procavia"
"241","Propithecus coquereli",17350,187909,1686,3002,15337.5,184694,8,17,"Chordata",379532,"Eukaryota","Chordata","Mammalia","Primates","Indriidae","Propithecus"
"242","Prunus persica",2626,7959,1723,3978,663,4298,3,12,"Plantae",3760,"Eukaryota","Streptophyta","Magnoliopsida","Rosales","Rosaceae","Prunus"
"243","Pseudo-nitzschia multistriata",2048,5352.5,1949,5073,0,132,1,2,"Protista",183589,"Eukaryota","Bacillariophyta","Bacillariophyceae","Bacillariales","Bacillariaceae","Pseudo-nitzschia"
"244","Pteropus vampyrus",13787.5,143199,1272,2556,12289,140104,10,19,"Chordata",132908,"Eukaryota","Chordata","Mammalia","Chiroptera","Pteropodidae","Pteropus"
"245","Puccinia graminis",1394,4238,1092,3470,241,738.5,3,9,"Fungi",418459,"Eukaryota","Basidiomycota","Pucciniomycetes","Pucciniales","Pucciniaceae","Puccinia"
"246","Puccinia graminis",1394,4238,1092,3470,241,738.5,3,9,"Fungi",418459,"Eukaryota","Basidiomycota","Pucciniomycetes","Pucciniales","Pucciniaceae","Puccinia"
"247","Puccinia triticina",1201,4139.5,915,3217.5,229,959,3,9,"Fungi",630390,"Eukaryota","Basidiomycota","Pucciniomycetes","Pucciniales","Pucciniaceae","Puccinia"
"248","Pundamilia nyererei",7242,55738.5,1613,3363.5,5217,51666.5,7,16,"Chordata",303518,"Eukaryota","Chordata","Actinopteri","Cichliformes","Cichlidae","Pundamilia"
"249","Pygocentrus nattereri",10421,85788,2105,4679.5,7839,81412,7,17,"Chordata",42514,"Eukaryota","Chordata","Actinopteri","Characiformes","Serrasalmidae","Pygocentrus"
"250","Pyrenophora teres",1256,3648.5,1146,3345,65,161,2,3,"Fungi",861557,"Eukaryota","Ascomycota","Dothideomycetes","Pleosporales","Pleosporaceae","Pyrenophora"
"251","Pythium aphanidermatum",1272,4019,1152,3684,54,208,2,3,"Protista",1223555,"Eukaryota",NA,"Oomycota","Pythiales","Pythiaceae","Pythium"
"252","Pythium arrhenomanes",1181,3952,1023,3414,86,438,2,5,"Protista",1223556,"Eukaryota",NA,"Oomycota","Pythiales","Pythiaceae","Pythium"
"253","Pythium irregulare",1353,4195,1143,3816,99,302,2,4,"Protista",1223557,"Eukaryota",NA,"Oomycota","Pythiales","Pythiaceae","Pythium"
"254","Pythium iwayamai",1178,4104.5,972,3559.5,88,423,2,4,"Protista",1223558,"Eukaryota",NA,"Oomycota","Pythiales","Pythiaceae","Pythium"
"255","Rattus norvegicus",13171.5,158124,1865,3742,10901,152905,7,17,"Chordata",10116,"Eukaryota","Chordata","Mammalia","Rodentia","Muridae","Rattus"
"256","Rhinopithecus bieti",17275,183964,2047,4136,14476,178908,7,18,"Chordata",61621,"Eukaryota","Chordata","Mammalia","Primates","Cercopithecidae","Rhinopithecus"
"257","Rhinopithecus roxellana",16933.5,184178,2107,4458,14256.5,178190.5,7,18,"Chordata",61622,"Eukaryota","Chordata","Mammalia","Primates","Cercopithecidae","Rhinopithecus"
"258","Rhodnius prolixus",4178.5,26886,837,1620,3164.5,24914,4,10,"Metazoa",13249,"Eukaryota","Arthropoda","Insecta","Hemiptera","Reduviidae","Rhodnius"
"259","Saccharomyces cerevisiae",1069.5,3396,1062,3366,0,0,1,1,"Fungi",559292,"Eukaryota","Ascomycota","Saccharomycetes","Saccharomycetales","Saccharomycetaceae","Saccharomyces"
"260","Sarcophilus harrisii",14874,151057,1551,3300,12851.5,146096,7,17,"Chordata",9305,"Eukaryota","Chordata","Mammalia","Dasyuromorphia","Dasyuridae","Sarcophilus"
"261","Sarcoptes scabiei",1024,4122,834,3111,127,708,2,6,"Metazoa",52283,"Eukaryota","Arthropoda","Arachnida","Sarcoptiformes","Sarcoptidae","Sarcoptes"
"262","Schistosoma mansoni",8666.5,53068,1290,4028.5,6755.5,48637,4,15,"Metazoa",6183,"Eukaryota","Platyhelminthes","Trematoda","Strigeidida","Schistosomatidae","Schistosoma"
"263","Schizosaccharomyces cryophilus",1764,4184.5,1682,4111,45,0,2,1,"Fungi",653667,"Eukaryota","Ascomycota","Schizosaccharomycetes","Schizosaccharomycetales","Schizosaccharomycetaceae","Schizosaccharomyces"
"264","Schizosaccharomyces japonicus",1785,4465,1692,4377,37,40,2,2,"Fungi",402676,"Eukaryota","Ascomycota","Schizosaccharomycetes","Schizosaccharomycetales","Schizosaccharomycetaceae","Schizosaccharomyces"
"265","Schizosaccharomyces octosporus",1763,4263,1681,4211,0,0,1,1,"Fungi",483514,"Eukaryota","Ascomycota","Schizosaccharomycetes","Schizosaccharomycetales","Schizosaccharomycetaceae","Schizosaccharomyces"
"266","Schizosaccharomyces pombe",1884,4462,1792,4426,0,0,1,1,"Fungi",284812,"Eukaryota","Ascomycota","Schizosaccharomycetes","Schizosaccharomycetales","Schizosaccharomycetaceae","Schizosaccharomyces"
"267","Scleropages formosus",8845,59751.5,2326,4783.5,6163,55246,8,17,"Chordata",113540,"Eukaryota","Chordata","Actinopteri","Osteoglossiformes","Osteoglossidae","Scleropages"
"268","Sclerotinia sclerotiorum",1076,3496,822,3102,149,322,2,4,"Fungi",665079,"Eukaryota","Ascomycota","Leotiomycetes","Helotiales","Sclerotiniaceae","Sclerotinia"
"269","Scophthalmus maximus",7957,54457,2737,5467.5,4837,49039.5,8,18,"Chordata",52904,"Eukaryota","Chordata","Actinopteri","Pleuronectiformes","Scophthalmidae","Scophthalmus"
"270","Selaginella moellendorffii",1386,3973,1029,2858.5,292,1101,4,13,"Plantae",88036,"Eukaryota","Streptophyta","Lycopodiopsida","Selaginellales","Selaginellaceae","Selaginella"
"271","Seriola dumerili",7760,58680.5,2160,4592.5,5244,54032,8,17,"Chordata",41447,"Eukaryota","Chordata","Actinopteri","Carangiformes","Carangidae","Seriola"
"272","Setaria italica",1888,6564,1219,2922,401,3922,3,12,"Plantae",4555,"Eukaryota","Streptophyta","Magnoliopsida","Poales","Poaceae","Setaria"
"273","Solanum lycopersicum",2713,13702,1184,3057,1204,10618,3,12,"Plantae",4081,"Eukaryota","Streptophyta","Magnoliopsida","Solanales","Solanaceae","Solanum"
"274","Solanum tuberosum",2242,8172,1099,2341,736,5877.5,2,8,"Plantae",4113,"Eukaryota","Streptophyta","Magnoliopsida","Solanales","Solanaceae","Solanum"
"275","Solenopsis invicta",3595,56351,1586,3692,1600,51924,5,9,"Metazoa",13686,"Eukaryota","Arthropoda","Insecta","Hymenoptera","Formicidae","Solenopsis"
"276","Sorex araneus",15503,174708,1137,2466,14106,171323,10,22,"Chordata",42254,"Eukaryota","Chordata","Mammalia","Eulipotyphla","Soricidae","Sorex"
"277","Sorghum bicolor",2824,9667.5,1754,4030,597,5651.5,3,10,"Plantae",4558,"Eukaryota","Streptophyta","Magnoliopsida","Poales","Poaceae","Sorghum"
"278","Sphenodon punctatus",23782.5,228150,1347,2520,22045,225651,7,16,"Chordata",8508,"Eukaryota","Chordata","Lepidosauria","Sphenodontia","Sphenodontidae","Sphenodon"
"279","Sporisorium reilianum",1530,4362,1476,4329,0,0,1,1,"Fungi",999809,"Eukaryota","Basidiomycota","Ustilaginomycetes","Ustilaginales","Ustilaginaceae","Sporisorium"
"280","Stegastes partitus",8580.5,58227,1925.5,3885,6106,54100.5,7,16,"Chordata",144197,"Eukaryota","Chordata","Actinopteri",NA,"Pomacentridae","Stegastes"
"281","Stegodyphus mimosarum",10225,84831,606,1566,9590,82996,2,11,"Metazoa",407821,"Eukaryota","Arthropoda","Arachnida","Araneae","Eresidae","Stegodyphus"
"282","Strigamia maritima",2888,15913,1415.5,5096,1128,10830,6,16,"Metazoa",126957,"Eukaryota","Arthropoda","Chilopoda","Geophilomorpha","Linotaeniidae","Strigamia"
"283","Strongylocentrotus purpuratus",5984,35418,1210,2766,4482.5,32269,5,14,"Metazoa",7668,"Eukaryota","Echinodermata","Echinoidea","Echinoida","Strongylocentrotidae","Strongylocentrotus"
"284","Strongyloides ratti",1280.5,4754,1128,3610.5,65,979.5,2,4,"Metazoa",34506,"Eukaryota","Nematoda","Chromadorea","Rhabditida","Strongyloididae","Strongyloides"
"285","Sus scrofa",16719.5,197888,2768,5803,13103.5,191539,7,18,"Chordata",9823,"Eukaryota","Chordata","Mammalia","Artiodactyla","Suidae","Sus"
"286","Taeniopygia guttata",7440,102704,1058.5,2208,6190,100408,6,15,"Chordata",59729,"Eukaryota","Chordata","Aves","Passeriformes","Estrildidae","Taeniopygia"
"287","Takifugu rubripes",5154,28660.5,1811.5,3909,2817,24746.5,7,16,"Chordata",31033,"Eukaryota","Chordata","Actinopteri","Tetraodontiformes","Tetraodontidae","Takifugu"
"288","Teleopsis dalmanni",3317,13210,1229,2387,1862,10685,6,10,"Metazoa",139649,"Eukaryota","Arthropoda","Insecta","Diptera","Diopsidae","Teleopsis"
"289","Tetrahymena thermophila",1854,7209,1433,5469,295,1754,3,12,"Protista",312017,"Eukaryota","Ciliophora","Oligohymenophorea","Hymenostomatida","Tetrahymenidae","Tetrahymena"
"290","Tetranychus urticae",1483,8913,1113,2895,249,5797,3,7,"Metazoa",32264,"Eukaryota","Arthropoda","Arachnida","Trombidiformes","Tetranychidae","Tetranychus"
"291","Tetraodon nigroviridis",3229,21166,1246,2808,1823,17889,8,21,"Chordata",99883,"Eukaryota","Chordata","Actinopteri","Tetraodontiformes","Tetraodontidae","Tetraodon"
"292","Thalassiosira pseudonana",1390,4196,1242,3759,89,384,2,4,"Protista",296543,"Eukaryota","Bacillariophyta","Coscinodiscophyceae","Thalassiosirales","Thalassiosiraceae","Thalassiosira"
"293","Thelohanellus kitauei",669,3808.5,522,942,45,2503.5,2,4,"Metazoa",669202,"Eukaryota","Cnidaria","Myxozoa","Bivalvulida","Myxobolidae","Thelohanellus"
"294","Theobroma cacao",3027.5,9856,1673,3202,1236,6700,4,14,"Plantae",3641,"Eukaryota","Streptophyta","Magnoliopsida","Malvales","Malvaceae","Theobroma"
"295","Tribolium castaneum",2555,27531,1351,2853,659,24196,4,8,"Metazoa",7070,"Eukaryota","Arthropoda","Insecta","Coleoptera","Tenebrionidae","Tribolium"
"296","Trichinella spiralis",1078,5702,577,2772,425,3076,4,15,"Metazoa",6334,"Eukaryota","Nematoda","Enoplea","Trichinellida","Trichinellidae","Trichinella"
"297","Trichoderma reesei",1503,3942,1308,3534,144,285,3,4,"Fungi",431241,"Eukaryota","Ascomycota","Sordariomycetes","Hypocreales","Hypocreaceae","Trichoderma"
"298","Trichoderma virens",1427,3867,1257,3468,122,274.5,3,4,"Fungi",413071,"Eukaryota","Ascomycota","Sordariomycetes","Hypocreales","Hypocreaceae","Trichoderma"
"299","Trichoplax adhaerens",2651,9030.5,1047,2935.5,1545.5,6114.5,6,22,"Metazoa",10228,"Eukaryota","Placozoa",NA,NA,"Trichoplacidae","Trichoplax"
"300","Trifolium pratense",2384,9411,1154,2486.5,988,6976.5,3,11,"Plantae",57577,"Eukaryota","Streptophyta","Magnoliopsida","Fabales","Fabaceae","Trifolium"
"301","Triticum aestivum",2377,9961,1401,2578,715,7284,3,11,"Plantae",4565,"Eukaryota","Streptophyta","Magnoliopsida","Poales","Poaceae","Triticum"
"302","Triticum dicoccoides",2752,14798,1670,3460,701,11096,3,10,"Plantae",85692,"Eukaryota","Streptophyta","Magnoliopsida","Poales","Poaceae","Triticum"
"303","Triticum turgidum",2091,14624,1101,2262,776,12000,3,10,"Plantae",4567,"Eukaryota","Streptophyta","Magnoliopsida","Poales","Poaceae","Triticum"
"304","Triticum urartu",2103,10119,861,1713,1024,8120.5,3,8,"Plantae",4572,"Eukaryota","Streptophyta","Magnoliopsida","Poales","Poaceae","Triticum"
"305","Trypanosoma brucei",1155,3783,1155,3783,0,0,1,1,"Protista",5691,"Eukaryota","Euglenozoa","Kinetoplastea","Trypanosomatida","Trypanosomatidae","Trypanosoma"
"306","Tuber melanosporum",1739,4498.5,1504.5,3919.5,172,465,3,6,"Fungi",656061,"Eukaryota","Ascomycota","Pezizomycetes","Pezizales","Tuberaceae","Tuber"
"307","Tupaia belangeri",19350,229108,1152,2448,17850,226074,10,21,"Chordata",37347,"Eukaryota","Chordata","Mammalia","Scandentia","Tupaiidae","Tupaia"
"308","Tursiops truncatus",16571.5,184461,1296,2556,14981,181050,10,20,"Chordata",9739,"Eukaryota","Chordata","Mammalia","Artiodactyla","Delphinidae","Tursiops"
"309","Ursus americanus",9766,95005,1314,2742,8200,91686,6,16,"Chordata",9643,"Eukaryota","Chordata","Mammalia","Carnivora","Ursidae","Ursus"
"310","Ursus maritimus",13930,149768.5,1580,3058.5,11971,145496.5,7,17,"Chordata",29073,"Eukaryota","Chordata","Mammalia","Carnivora","Ursidae","Ursus"
"311","Ustilago maydis",1509,4335,1461,4311,0,0,1,1,"Fungi",237631,"Eukaryota","Basidiomycota","Ustilaginomycetes","Ustilaginales","Ustilaginaceae","Ustilago"
"312","Verticillium dahliae",1438,3658,1265,3393,115,214,2,3,"Fungi",498257,"Eukaryota","Ascomycota","Sordariomycetes","Glomerellales","Plectosphaerellaceae","Verticillium"
"313","Verticillium dahliae",1438,3658,1265,3393,115,214,2,3,"Fungi",498257,"Eukaryota","Ascomycota","Sordariomycetes","Glomerellales","Plectosphaerellaceae","Verticillium"
"314","Vicugna pacos",21741,218379,1173,2442,20210,212773,9,20,"Chordata",30538,"Eukaryota","Chordata","Mammalia","Artiodactyla","Camelidae","Vicugna"
"315","Vigna angularis",1851,8932.5,900,1899,751,7007,3,11,"Plantae",3914,"Eukaryota","Streptophyta","Magnoliopsida","Fabales","Fabaceae","Vigna"
"316","Vigna radiata",3185.5,12085,1361,2733,1645,9461,5,14,"Plantae",3916,"Eukaryota","Streptophyta","Magnoliopsida","Fabales","Fabaceae","Vigna"
"317","Vitis vinifera",2740,17526,1126,2035,1351,15418,3,11,"Plantae",29760,"Eukaryota","Streptophyta","Magnoliopsida","Vitales","Vitaceae","Vitis"
"318","Vulpes vulpes",14234,180234,1713,3835,12088.5,176885,7,18,"Chordata",9627,"Eukaryota","Chordata","Mammalia","Carnivora","Canidae","Vulpes"
"319","Xenopus tropicalis",11791,83397,1584,3000,9936,79758,8,19,"Chordata",8364,"Eukaryota","Chordata","Amphibia","Anura","Pipidae","Xenopus"
"320","Xiphophorus couchianus",6003,41143,1038,2235,4894,38532,6,14,"Chordata",32473,"Eukaryota","Chordata","Actinopteri","Cyprinodontiformes","Poeciliidae","Xiphophorus"
"321","Xiphophorus maculatus",8520,67404,2418,5254.5,5751,61918,7,17,"Chordata",8083,"Eukaryota","Chordata","Actinopteri","Cyprinodontiformes","Poeciliidae","Xiphophorus"
"322","Yarrowia lipolytica",1245,3537,1210.5,3483,0,0,1,1,"Fungi",284591,"Eukaryota","Ascomycota","Saccharomycetes","Saccharomycetales","Dipodascaceae","Yarrowia"
"323","Zea mays",2556,13322.5,1405,4081,764,9501,4,10,"Plantae",4577,"Eukaryota","Streptophyta","Magnoliopsida","Poales","Poaceae","Zea"
"324","Zootermopsis nevadensis",4266,29990.5,909,2451,3246,27389,4,13,"Metazoa",136037,"Eukaryota","Arthropoda","Insecta","Blattodea","Termopsidae","Zootermopsis"
"325","Zymoseptoria tritici",1313,3718,1142,3201,81,303,2,3,"Fungi",336722,"Eukaryota","Ascomycota","Dothideomycetes","Mycosphaerellales","Mycosphaerellaceae","Zymoseptoria"
